﻿<?xml version="1.0" encoding="utf-8"?>
<XnaContent xmlns:ItemClasses="RpgLibrary.ItemClasses">
  <Asset Type="ItemClasses:ChestData">
    <Name>Big Gold Chest</Name>
    <DifficultyLevel>Normal</DifficultyLevel>
    <IsLocked>true</IsLocked>
    <IsTrapped>false</IsTrapped>
    <TrapName Null="true" />
    <KeyName>Golden Key</KeyName>
    <KeyType>Golden Key</KeyType>
    <KeysRequired>2</KeysRequired>
    <MinGold>500</MinGold>
    <MaxGold>750</MaxGold>
    <ItemCollection />
  </Asset>
</XnaContent>