﻿<?xml version="1.0" encoding="utf-8"?>
<XnaContent xmlns:ItemClasses="RpgLibrary.ItemClasses">
  <Asset Type="ItemClasses:WeaponData">
    <Name>Dagger</Name>
    <Type>Piercing</Type>
    <Price>10</Price>
    <Weight>3</Weight>
    <Equipped>false</Equipped>
    <NumberHands>One</NumberHands>
    <AttackValue>4</AttackValue>
    <AttackModifier>0</AttackModifier>
    <DamageValue>6</DamageValue>
    <DamageModifier>0</DamageModifier>
    <AllowableClasses>
      <Item>Fighter</Item>
      <Item>Rogue</Item>
    </AllowableClasses>
  </Asset>
</XnaContent>