﻿<?xml version="1.0" encoding="utf-8"?>
<XnaContent xmlns:ItemClasses="RpgLibrary.ItemClasses">
  <Asset Type="ItemClasses:WeaponData">
    <Name>Mace</Name>
    <Type>Crushing</Type>
    <Price>16</Price>
    <Weight>12</Weight>
    <Equipped>false</Equipped>
    <NumberHands>One</NumberHands>
    <AttackValue>6</AttackValue>
    <AttackModifier>0</AttackModifier>
    <DamageValue>8</DamageValue>
    <DamageModifier>0</DamageModifier>
    <AllowableClasses>
      <Item>Fighter</Item>
      <Item>Rogue</Item>
      <Item>Priest</Item>
    </AllowableClasses>
  </Asset>
</XnaContent>