﻿<?xml version="1.0" encoding="utf-8"?>
<XnaContent xmlns:ItemClasses="RpgLibrary.ItemClasses">
  <Asset Type="ItemClasses:WeaponData">
    <Name>War Axe</Name>
    <Type>Slashing</Type>
    <Price>20</Price>
    <Weight>15</Weight>
    <Equipped>false</Equipped>
    <NumberHands>One</NumberHands>
    <AttackValue>10</AttackValue>
    <AttackModifier>0</AttackModifier>
    <DamageValue>10</DamageValue>
    <DamageModifier>0</DamageModifier>
    <AllowableClasses>
      <Item>Fighter</Item>
      <Item>Rogue</Item>
    </AllowableClasses>
  </Asset>
</XnaContent>