﻿<?xml version="1.0" encoding="utf-8"?>
<XnaContent xmlns:ItemClasses="RpgLibrary.ItemClasses">
  <Asset Type="ItemClasses:WeaponData">
    <Name>Apprentice Staff</Name>
    <Type>Magic</Type>
    <Price>20</Price>
    <Weight>5</Weight>
    <Equipped>false</Equipped>
    <NumberHands>Two</NumberHands>
    <AttackValue>6</AttackValue>
    <AttackModifier>0</AttackModifier>
    <DamageValue>6</DamageValue>
    <DamageModifier>0</DamageModifier>
    <AllowableClasses>
      <Item>Wizard</Item>
    </AllowableClasses>
  </Asset>
</XnaContent>