﻿<?xml version="1.0" encoding="utf-8"?>
<XnaContent xmlns:ItemClasses="RpgLibrary.ItemClasses">
  <Asset Type="ItemClasses:ShieldData">
    <Name>Small Metal Shield</Name>
    <Type>Small</Type>
    <Price>10</Price>
    <Weight>8</Weight>
    <Equipped>false</Equipped>
    <DefenseValue>8</DefenseValue>
    <DefenseModifier>0</DefenseModifier>
    <AllowableClasses>
      <Item>Fighter</Item>
      <Item>Rogue</Item>
      <Item>Priest</Item>
    </AllowableClasses>
  </Asset>
</XnaContent>